,AcrylicFiber,Acrylonitrile,Aluminum,Ammonia,Aniline,Automotive (US),Beer (Japan),Benzene,BisphenolA,Caprolactam,CarbonBlack,CarbonDisulfide,CCGT Power,Concentrating Solar,Corn (US),Crude Oil,Cyclohexane,DNA Sequencing,DRAM,Electric Range,Ethanol (Brazil),Ethanolamine,Ethylene,Formaldehyde,Free Standing Gas Range,Geothermal Electricity,Hard Disk Drive,HydrofluoricAcid,IsopropylAlcohol,Laser Diode,Low Density Polyethylene,Magnesium,MaleicAnhydride,Methanol,Milk (US),Monochrome Television,Motor Gasoline,NeopreneRubber,Nuclear Electricity,Onshore Gas Pipeline,Paraxylene,Pentaerythritol,Phenol,Photovoltaics,PhthalicAnhydride,PolyesterFiber,PolyethyleneHD,PolyethyleneLD,Polypropylene,Polystyrene,Polyvinylchloride,Primary Aluminum,Primary Magnesium,Refined Cane Sugar,Sodium,SodiumChlorate,SodiumHydrosulfite,Sorbitol,Styrene,Titanium Sponge,Titanium Dioxide,Transistor,Urea,VinylAcetate,VinylChloride,Wind Turbine (Denmark),integrated_circuit_memory_transistors_per_die,integrated_circuit_microprocessor_transistors_per_die,02A_magnetic_memory_tape_mbits_per_$,02A_magnetic_memory_tape_mbits_per_cc,02B_magnetic_memory_harddisk_mbits_per_$,02B_magnetic_memory_harddisk_mbits_per_cc,02C_magnetic_memory_tape_harddisk_mbits_per_$,02C_magnetic_memory_tape_harddisk_mbits_per_cc,optical_memory_per_$,optical_memory_per_cc,electrical_info_transmission_kbps_per_$,electrical_info_transmission_kbps,optical_telcom_bandwidth_kbps_per_$_km,optical_telecom_bandwidth_kbps,Wireless_Telecomunication_coverage_bps_per_m2,Wireless_Telecomunication_spectral_efficiency_bps_per_hz,Wireless_Telecomunication_throughput_kbps,computation_electronic_CPS,electronic_computation_mips_per_$,electronic_computation_mips,camera_sensitivity_mv_micro_sqm,MRI_mm_sec_$_resolution_cost,MRI_mm_sec_resolution,CTscan_mm_scantime_resolution,Genome_sequencing_base_pairs,batteries_wh_$,batteries_wh_kg_energy_density,batteries_wh_lit_energy_density,capacitors_kwhr_$,capacitors_kwhr_kg,capacitors_kwhr_lit,Flywheel_kwh_kg,AC_electricity_transmission_powered_distance_per_$_wkm_$,AC_electricity_transmission_powered_distance_wkm,DC_electricity_transmission_powered_distance_per_cost_wkm_$,DC_electricity_transmission_powered_distance_wkm,combustion_air_piston_engine_w_per_$,combustion_air_piston_engine_w_per_kg,combustion_air_piston_engine_w_per_lit,combustion_air_turbine_engine_w_per_$,combustion_air_turbine_engine_w_per_kg,combustion_air_turbine_engine_w_per_lit,combustion_pass_car_engine_w_per_$,combustion_pass_car_engine_w_per_kg,combustion_pass_car_piston_engine_w_per_lit,electricmotor_w_per_kg_11.14.2013.xlsx,electricmotor_w_per_lit_11.14.2013.xlsx,solar_PV_Wpeak_$,solar_PV_kwh_module$2011,wind_turbine_W_$,FuelCell_kW_$,Artificial_Illumination_Incandescent_1000lumenhrs_per_$,Artificial_Illumination_LED_lumen_$,Artificial_Illumination_LED_lumen_lamp,aeroplane_transport_pass_mile_hr,Milling_yearlyaverage_hp.accuracy,3dprintingSLA_speed_buildvolume_layerthickness_cost,3dprintingSLA_speed_buildvolume_layerthickness_machinesize_cost,3dprintingSLA_speed_layerthickness_cost,3dprintingSLA_speed_layerthickness,photolithography_arealthroughput_accuracy_cost,photolithography_arealthroughput_accuracy,photolithography_arealthroughput_cost,superconductivity_critical_temperature.xlsx
1858.0,,,,,,,,,,,,,,,,,,,,,,,,,,,,,,,,,,,,,,,,,,,,,,,,,,,,,,,,,,,,,,,,,,,,,,,,,,,,,2136.3960707403467,17999.98560001152,,,,,,,,,,,,,,,,,,,,,,,,,,,,,,,,,,,,,,,,,,,,,,,,,,,,
1866.0,,,,,,,,,,,,,,,,,,,,,,,,,,,,,,,,,,,,,,,,,,,,,,,,,,,,,,,,,,,,,,,,,,,,,,,,,,,,,117.1522902452677,1000.0,,,,,,,,,,,,,,,,,,,,,,,,,,,,,,,,,,,,,,,,,,,,,,,,,,,,
1874.0,,,,,,,,,,,,,,,,,,,,,,,,,,,,,,,,,,,,,,,,,,,,,,,,,,,,,,,,,,,,,,,,,,,,,,,,,,,,,,11.363636363636365,,,,,,,,,,,,,,,,,,,,,,,,,,,,,,,,,,,,,,,,,,,,,,,,,,,,
1880.0,,,,,,,,,,,,,,,,,,,,,,,,,,,,,,,,,,,,,,,,,,,,,,,,,,,,,,,,,,,,,,,,,,,,,,,,,,,,,0.02531829180436296,3.0769230769230766,,,,,,,,,,,,,,,,,,,,,,,,,,,,,,,,,,,,,,,,,,,,,,,,,,,,
1881.0,,,,,,,,,,,,,,,,,,,,,,,,,,,,,,,,,,,,,,,,,,,,,,,,,,,,,,,,,,,,,,,,,,,,,,,,,,,,,,,,,,,,,,,,,,,,,,,,,,,,,,,,,,,,,,,,0.10638297872340426,,,,,,,,,,,,,,,,,,
1883.0,,,,,,,,,,,,,,,,,,,,,,,,,,,,,,,,,,,,,,,,,,,,,,,,,,,,,,,,,,,,,,,,,,,,,,,,,,,,,,,,,,,,,,,,,,,,,,,,,,,,,,,,,,,,,,,,,,,,,,9228.0,,,,,,,,,,,,
1884.0,,,,,,,,,,,,,,,,,,,,,,,,,,,,,,,,,,,,,,,,,,,,,,,,,,,,,,,,,,,,,,,,,,,,,,,,,,,,,,,,,,,,,,,,,,,,,0.24213075060532688,0.2242152466367713,,,,,,,,,,,,,,,,,,,,,,,,,,,,,,,,,,,,
1888.0,,,,,,,,,,,,,,,,,,,,,,,,,,,,,,,,,,,,,,,,,,,,,,,,,,,,,,,,,,,,,,,,,,,,,,,,,,,,,,,,,,,,,,,,,,,,,,,,,,,,,,,,,0.025,,,,,,,,,,,,,,,,,,,,,,,,,
1889.0,,,,,,,,,,,,,,,,,,,,,,,,,,,,,,,,,,,,,,,,,,,,,,,,,,,,,,,,,,,,,,,,,,,,,,,,,,,,,,,,,,,,,,,,,,,,,,,,,,,0.06578947368421052,1.366120218579235e-06,,,,,,,,,,,,,,,,,,,,,,,,,,,,,,
1890.0,,,,,,,,,,,,,,,,,,,,,,,,,,,,,,,,,,,,,,,,,,,,,,,,,,,,,,,,,,,,,,,,,,,,,,,,,,,,,,,,,,,,,,,,,,,,,,,,,,,0.0049800796812749,3.7037037037037036e-07,,,,,0.00625,,,,,,,0.05405405405405406,0.024606299212598423,,,,,,,,,,,,,,,,,
1891.0,,,,,,,,,,,,,,,,,,,,,,,,,,,,,,,,,,,,,,,,,,,,,,,,,,,,,,,,,,,,,,,,,,,,,,,,,,,,,,,,,,,,,,,,,,,,,,,,,,,,,,,,,0.0051813471502590676,,,,,,,,,,,,,,,,,,,,,,,,,
1892.0,,,,,,,,,,,,,,,,,,,,,,,,,,,,,,,,,,,,,,,,,,,,,,,,,,,,,,,,,,,,,,,,,,,,,,,,,,,,,,,,,,,,,,,,,,,,,,,,,,,0.023419203747072598,,,,,,,,,,,,,,,,,,,,,,,,,,,,,,,
1895.0,,,,,,,,,,,,,,,,,,,,,,,,,,,,,,,,,,,,,,,,,,,,,,,,,,,,,,,,,,,,,,,,,,,,,,,,,,,,,,,,,,,307.6923076923077,,,,,,,,,,,,,,,,,,,,,,0.0024691358024691358,,,,,,,,,,,,,,,,,,,,,,,,,
1896.0,,,,,,,,,,,,,,,,,,,,,,,,,,,,,,,,,,,,,,,,,,,,,,,,,,,,,,,,,,,,,,,,,,,,,,,,,,,,,,,,,,,,,,,,,,,,,,,,,,,,,,,,,,,,,1000.0,0.20833333333333334,,0.03717472118959108,,,,,,,,,,,,,,,,,,
1897.0,,,,,,,,,,,,,,,,,,,,,,,,,,,,,,,,,,,,,,,,,,,,,,,,,,,,,,,,,,,,,,,,,,,,,,,,,,,,,,,,,,,,,,,,,,,,,,,,,,,0.003060912151821243,3.205128205128205e-08,,,,,,,,,,,,,,,,,,,,,,,,,,,,,,
1900.0,,,,,,,,,,,,,,,,,,,,,,,,,,,,,,,,,,,,,,,,,,,,,,,,,,,,,,,,,,,,,,,,,,,,,,,,,,,,,,,,,,,,,,,,,,,,,,,,,,,,,,,,,,,,,,,,,,,,,,2692.0,,,,,,,,,,,,
1901.0,,,,,,,,,,,,,,,,,,,,,,,,,,,,,,,,,,,,,,,,,,,,,,,,,,,,,,,,,,,,,,,,,,,,,,,,,,,,,,,,,3267973856209.1504,847457.6271186441,,,,,,,,,,,0.1149425287356322,0.10638297872340426,,,,,,,,,,,,,,,,,,,,,,,,,,,,,,,,,,,,
1902.0,,,,,,,,,,,,,,,,,,,,,,,,,,,,,,,,,,,,,,,,,,,,,,,,,,,,,,,,,,,,,,,,,,,,,,,,,,,,,,,,,,,,,,,,,,,,,,,,,,,,,,,,,,,,,200.0,0.032051282051282055,,0.007336757153338224,,,,,,,,,,,,,,,,,,
1903.0,,,,,,,,,,,,,,,,,,,,,,,,,,,,,,,,,,,,,,,,,,,,,,,,,,,,,,,,,,,,,,,,,,,,,,,,,,,,,,,,,,,,,,,,,,,,,,,,,,,,,,,,,,,,,125.0,0.021645021645021644,,,,,,,,,,,,,,,,,,,,
1904.0,,,,,,,,,,,,,,,,,,,,,,,,,,,,,,,,,,,,,,,,,,,,,,,,,,,,,,,,,,,,,,,,,,,,,,,,,,,,,,,,,,,,,,,,,,,,,,,,,,,,,,,,,0.00125,,,,,,,,0.01845699520118125,,,,,,,,,,,,,,,,,
1905.0,,,,,,,,,,,,,,,,,,,,,,,,,,,,,,,,,,,,,,,,,,,,,,,,,,,,,,,,,,,,,,,,,,,,,,,,,,,,,,,,,,,,,,,,,,,,,,,,,,,,,,,,,0.0010718113612004287,,,,,,,,,,,,,,,,,,,,,,,,,
1906.0,,,,,,,,,,,,,,,,,,,,,,,,,,,,,,,,,,,,,,,,,,,,,,,,,,,,,,,,,,,,,,,,,,,,,,,,,,,,,,,,,,,,,,,,,,,,,,,,,,,,,,,,,,,,,,,,,0.012304663467454166,,,,,,,,,,,,,,,,,
1907.0,,,,,,,,,,,,,,,,,,,,,,,,,,,,,,,,,,,,,,,,,,,,,,,,,,,,,,,,,,,,,,,,,,,,,,,,,,,,,,,,,,,,,,,,,,,,,,,,,,,,,,,,,0.000859106529209622,,,,,,,,,,,,,,,,,,,,,,,,,
1910.0,,,,,,,,,,,,,,,,,,,,,,,,,,,,,,,,,,,,,,,,,,,,,,,,,,,,,,,,,,,,,,,,,,,,,,,,,,,,,,,,,,,,,,,,,,,,,,,,,,,,,,,,,0.000473260766682442,,,,,,,,,,,,,1384.0,,,,,,,,,,,,
1911.0,,,,,,,,,,,,,,,,,,,,,,,,,,,,,,,,,,,,,,,,,,,,,,,,,,,,,,,,,,,,,,,,,,,,,,,,,,,,,,,,,,,,,,,,,,,,,0.0819672131147541,0.07587253414264036,,,,,,,,,,,,,,,,,,,,,,,,,,,,,,,,,,,,0.2407318247472316
1913.0,,,,,,,,,,,,,,,,,,,,,,,,,,,,,,,,,,,,,,,,,,,,,,,,,,,,,,,,,,,,,,,,,,,,,,,,,,,,,,,,,,,,,,,,,,,,,,,,,,,,,,,,,,,,,,,,,,,,,,,,,,,,,,,,,,0.13896609227348528
1914.0,,,,,,,,,,,,,,,,,,,,,,,,,,,,,,,,,,,,,,,,,,,,,,,,,,,,,,,,,,,,,,,,,,,,,,,,,,,,,,,,,,,,,,,,,,,,,0.05555555555555555,0.05144032921810699,,,,,,,,,,,,,,,66.66666666666667,0.013386880856760375,,,0.009228497600590625,,,,,,,,,,,,,,,,,
1915.0,,,,,,,,,,,,,,,,,,,,,,,,,,,,,,,,,,,,,,,,,,,,,,,,,,,,,,,,,,,,,,,,,,,,,,,,,,,,,,,,,,,,,,,,,,,,,,,,,,,,,,,,,,,,,55.55555555555556,,,,,,,,,,,,,,,,,,,,,
1916.0,,,,,,,,,,,,,,,,,,,,,,,,,,,,,,,,,,,,,,,,,,,,,,,,,,,,,,,,,,,,,,,,,,,,,,,,,,,,,,,,,,,,,,,,,,,,,,,,,,,,,,,,,,,,,55.55555555555556,,,,,,,,,,,,,,,,,,,,,
1917.0,,,,,,,,,,,,,,,,,,,,,,,,,,,,,,,,,,,,,,,,,,,,,,,,,,,,,,,,,,,,,,,,,,,,,,,,,,,,,,,,,,,,,,,,,,,,,,,,,,,,,,,,,,,,,50.0,,,,,,,,,,,,,,,,,,,,,
1918.0,,,,,,,,,,,,,,,,,,,,,,,,,,,,,,,,,,,,,,,,,,,,,,,,,,,,,,,,,,,,,,,,,,,,,,,,,,,,,,,,,,,,,,,,,,,,,,,,,,,,,,,,,,,,,47.61904761904761,0.01326259946949602,,,,,,,,,,,,,,,,,,,,
1919.0,,,,,,,,,,,,,,,,,,,,,,,,,,,,,,,,,,,,,,,,,,,,,,,,,,,,,,,,,,,,,,,,,,,,,,,,,,,,,,,,,,,,,,,,,,,,,,,,,,,0.008176614881439084,5.181347150259067e-10,,,200.0,0.004016064257028112,,,,,,,,,,,,,,,,,,,,,,,,,,
1920.0,,,,,,,,,,,,,,,,,,,,,,,,,,,,,,,,,,,,,,,,,,,,,,,,,,,,,,,,,,,,,,,,,,,,,,,,,,,,,,,,,,,,,,,,,,,,,,,,,,,,,,,,,,,,,,,,,,,,,,630.0,,,,,,,,,,,,
1922.0,,,,,,,,,,,,,,,,,,,,,,,,,,,,,,,,,,,,,,,,,,,,,,,,,,,,,,,,,,,,,,,,,,,,,,,,,,,,,,,,,,,,,,,,,,,,,,,,,,,,,,,,0.0016025641025641025,,,,,16.949152542372882,,,,,,,,,,,,,,,,,,,,,
1923.0,,,,,,,,,,,,,,,,,,,,,,,,,,,,,,,,,,,,,,,,,,,,,,,,,,,,,,,,,,,,,,,,,,,,,,,,,,,,,,,,,,,,,,,,,,,,,,,,,,,,,,,,,,,,,,,,,,,,,,,,,,,,,,,,,,
1925.0,,,,,,,,,,,,,,,,,,,,,,,,,,,,,,,,,,,,,,,,,,,,,,,,,,,,,,,,,,,,,,,,,,,,,,,,,,,,,,,,,,,,,,,,,,,,,,,,,,,,,,,,,,,,,13.157894736842106,0.01076426264800861,,,,,,,,,,,,,,,,,,,,
1926.0,,,,,,,,,,,,,,,,,,,,,,,,,,,,,,,,,,,,,,,,,,,,,,,,,,,,,,,,,,,,,,,,,,,,,,,,,,,,,,,,,,,,,,,,,,,,,,,,,,,,,,,,,,,,,,,,,,,,,,,,,0.007692307692307693,,,,,,,,,
1927.0,,,,,,,,,,,,,,,,,,,,,,,,,,,,,,,,,,,,,,,,,,,,,,,,,,,,,,,,,,,,,,,,,,,,,,,,,,,,,,,,,,,,,,,,,,,,,,,,,,,,,,,62.5,0.0009615384615384616,0.00045558086560364467,,,,,,,,,,,,,,,,,,,,,,,,,
1928.0,,,,,,,,,,,,,,,,,,,,,,,,,,,,,,,,,,,,,,,,,,,,,,,,,,,,,,,,,,,,,,,,,,,,,,,,,,,,,,2.680965147453083,,,,,,,,,,,,,,,,,,,,,,,,,,,0.00031575623618566466,,,,,,,,,,,,,,,,0.005555555555555556,,,,,,,,,
1929.0,,,,,,,,,,,,,,,,,,,,,,,,,,,,,,,,,,,,,,,,,,,,,,,,,,,,0.472,1.186,,,,,,,,,,,,,,,,,,,,,,,,,,,,,,,,,,,,,,,,,,,,,,,,,,,,,,,,,,,0.00616827041697508,0.006152331733727083,,,,,,,,,,,,,,,,,
1930.0,,,,,,,,,,,,,,,,,,,,,,,,,,,,,,,,,,,221.8354999,,,,,,,,,,,,,,,,,0.483,0.974,,,,,,,,,,,,,,,,,,,,,,,,,,,,,,,,,,,,,,,,,,,,,,,,,,,,0.00027839643652561246,,,,,,,,,,,,,509.00000000000006,,,,,,,,,,,,
1931.0,,,,,,,,,,,,,,,,,,,,,,,,,,,,,,,,,,,224.2494832,,,,,,,,,,,,,,,,,0.473,0.67,,,,,,,,,,,,,,,,,,,,,,,,,,,,,,,,,,,,,,,,,,,,,,,,,,41.666666666666664,,,,,,4.545454545454546,0.003684598378776714,0.00425531914893617,,,,,,,,,,,,,,,,,,,
1932.0,,,,,,,,,,,,,,,,,,,,,,,,,,,,,,,,,,,232.2059532,,,,,,,,,,,,,,,,,0.58,0.746,,,,,,,,,,,,,,,,,,,,,,,,,,,,,,,,,,,,,,,,,,,,,,,,,,,,,,,,4.9504950495049505,0.0035752592062924565,0.004149377593360996,,,,,,,,,,,,,,,,,,,0.08695652173913043
1933.0,,,,,,,,,,,,,,,,,,,,,,,,,,,,,,,,,,,236.8530574,,,,,,,,,,,,,,,,,0.593,0.763,,,,,,,,,,,,,,,,,,,,,,,,,,,,,,,,,,,,,,,,,,,,,,,,,,52.631578947368425,0.0008748906386701663,,,,,4.132231404958678,0.0032776138970829235,0.0038910505836575876,,,,,,,,,,,,,,,,,,,
1934.0,,,,,,,,,,,,,,,,,,,,,,,,,,,,,,,,,,,247.9487508,,,,,,,,,,,,,,,,,0.511,0.711,,,,,,,,,,,,,,,,,,,,,,,,,,,,,,,,,,,,,,,,,,,,,,,,,,,0.0007407407407407407,,,,,4.065040650406504,0.0032071840923669015,0.0037735849056603774,,,,,,,,,,0.0033333333333333335,,,,,,,,,
1935.0,,,,,,,,,,,,,,,,,,,,,,,,,,,,,,,,,,,238.9684304,,,,,,,,,,,,,,,,,0.481,0.704,0.116,,,,,,,,,,,,,,,,,,,,,,,,,,,,,,,,,,,,,,,,,,,,,,,,,45.45454545454546,,,,,,4.065040650406504,,0.003676470588235294,,,,,,,,,,0.002,,,,,,,,,
1936.0,,,,,,,,,,,,,,,,,,,,,,,,,,,,,,,,,,,231.6775705,,,,,,,,,,,,,,,,,0.48,0.702,0.1118,,,,,,,,,,,,,,,,,,,,,,,,,,,,,,,,,,,,,,,,,,,,,0.0009804882831650162,1.1160714285714286e-10,,,,,,,,,4.237288135593221,,0.0035587188612099642,,,,,,,,,,,,,,,,,,,
1937.0,,,,,,,,,,,,,,,,,,,,,,,,,,,,,,,,,,,228.999686,,,,,,,,,,,,,,,,,0.451,0.674,0.1087,,,,,,,,,,,,,,,,,,,,,,,,,,,,,,,,,,,,,,,0.053475935828877004,0.04950495049504951,,,,,,,,,33.333333333333336,0.0006514657980456026,,,,,4.0,0.0031456432840515887,0.0035087719298245615,,,,,,,,,,,,,,,,,,,
1938.0,,,,,,,,,,,,,,,,,,,,,,,,,,,,,,,,,,,219.3720642,,,,,,,,,,,,,,,,,0.456,0.683,0.1022,,,,,,,,,,,,,,,,,,,,,,,,,,,,,,,,,,,,,,,,,,,,,,,,,,,,,,,3.115264797507788,0.0022021581149526534,,,,,,,,,,,,,,,,,,,,
1939.0,,,,,,,,,,,,,,,,,,,,,,,,,,,,,,,,,,,217.939546,,,,,,,,,,,,,,,,,0.463,0.625,0.1088,,,,,,,,,,,,,,,,,,,,,,,,,,,,,,,,,,,,,,,,,,,,,,,,,50.0,,,,,,4.8543689320388355,,,,,,,,,,,,,0.0001686060606060606,,,,,,,,
1940.0,,,,,,,,,,,,,,,,,,,,,,,,,,,,,,,,,,,216.3455562,,,,,,,,,,,,,,,,,0.426,0.615,0.0995,,,,,,,,,,,,,,,,,,,,,,,,,,,,,,,,,,,,,,,,,,,,,,,,,35.714285714285715,,,,,,5.025125628140703,,0.003436426116838488,0.004605747973470892,0.004614248800295312,,,,,323.0,,,0.001,,,,,,,,,
1941.0,,,,,,,,,,,,,,,,,,,,,,,,,,,,,,,,,,,211.0341652,,,,,,,,,,,,,,,,,0.35,0.477,0.1059,,,,,,,,,,,,,,,,,,,,,,,,,,,,,,,,,,,,,,,,,,,1416430.59490085,,,,,,50.0,0.000612369871402327,,,,,4.830917874396135,,0.003401360544217687,,,,,,,,,,,,,,,,,,,0.06211180124223602
1942.0,,,,,,,,,,,,,,,,,,,,,,,,,,,,,,,,,,,211.1369829,,,,,,,,,,,,,,,,,0.283,0.424,0.1056,,,,,,,,,,,,,,,,,,,,,,,,,,,,,,,,,,,,,,,,,,,,,,,,,62.5,,0.00027800945232137893,,,,,,0.003278688524590164,,,,,,,,,,,,,,,,,,,
1943.0,,,,,,,,,,,,,,,,,,,,,,,,,,,,,,,,,,,217.4966031,,,,,,,,,,,,,,,0.54,,0.264,0.361,0.0988,,,,,,,,,,,,,,,,,,,,,,,,,,,,,,0.0017799794441923343,4098360655.737705,4464.285714285715,,,,,,,0.043478260869565216,0.040257648953301126,,,21367.521367521367,,,,,,58.8235294117647,,0.0002630194634402946,,,,,,,,,,,,,,,,,,,,,,,,,
1944.0,,,,,,,,,,,,,,,,,,,,,,,,,,,,,,,,,,,218.732215,,,,,,,,,,,,,,,0.55,,0.258,0.352,0.0957,,,,,,,,,,,,,,,,,,,,,,,,,,,,,,,,,,,,,,,,,,,,,,,,,71.42857142857143,,,,,,,,,,,,,,,,,,,,,,,,,,,
1945.0,,,,,,,,,,,,,,,,,,,,,,,,,,,,,,,,,,,208.9244584,,,,,,,,,,,,,,,0.52,,0.251,0.343,0.0924,,,,,,,,,,,,,,,,,,,,,,,,,,,,,,,,,,,,,,,,,,,,,,,,,76.92307692307692,0.0005824111822947001,,,,,,,,,,,,,,,,,,,,,,,,,,
1946.0,,,,,,,,,,,,,,,,2.14,,,,275.0,,,,,106.6,,,,,,,,,,204.671317,,0.096,,,,,,,,,,,,,0.45,0.526,0.225,0.307,0.0967,,,,,,,,,,,,,,,,,,,,,,,,,,,279329.6089385475,1424.5014245014245,28.49002849002849,0.0003770141064618719,1618122977.3462782,346.0207612456747,,,,,,,,,,,51.54639175257732,,,,,,,,,,,,6.172839506172839,,,,,,,,,,,,0.0005,,,,,,,,,
1947.0,,,,,,,,,,,,,,,,2.64,,,,301.0,,,,,116.6,,,,,,,,,,199.7123632,376.0,0.113,,,,,,,,,,,,,0.41,0.469,0.201,0.275,0.1108,,,,,,,,,,,,,,,,,,,,,,,,,,,,,,,,,,,,,,,,,,,,,,,,,,,,,,,6.0606060606060606,,,,,,,5.255208333333333,,,,,,,,,,,,,,
1948.0,,,,,,,,,,,,,,,,3.32,,,,295.0,,,,,119.4,,,,,,,,,,198.3207746,296.0,0.128,,,,,,,,,,,,,0.335,0.465,0.198,0.258,0.097,,,,,,,,,,,,,,,,,,,,,,,,,,,,,,,,,,,,,,,,,,,,,,,,,,,,,,,6.578947368421053,,,,,,,,,,,,0.0002,,,,,,,,,
1949.0,,,,,,,,,,,,,,,,3.3,,,,288.0,,,,,114.7,,,,,,,,,,189.6953567,249.0,0.131,,,,,,,,,,,,,0.395,0.493,0.215,0.259,0.1004,,,,,,,,,,,,,,,,,,,,,,,,,,,,,,1.3014210667107876e-05,261780104.7120419,,,,3375.0,,,,,,,,,,,,,,,,,,,,6.4935064935064934,,0.003236245954692557,,,,,,,,,,,,,,,,,,,
1950.0,,,,,,,,,,,,,,,,3.23,,,,280.0,,,,,117.2,,,,,,,,,,188.197458,226.0,0.134,,,,,,,,,,,,,0.425,0.462,0.221,0.274,0.0995,,,,,,6.25,,,,,,,,,,,,,,,,,,,,,,,,,,240.38461538461542,,,1687.5,,,0.25380710659898476,0.037037037037037035,0.03429355281207133,,,,,,,,,,,,,,,6.211180124223603,,0.003215434083601286,,,,,,,241.0,,,,,,,,,,,,
1951.0,,,,,,,72.34,,,,,,,,,3.01,,,,288.0,,,,,117.8,,,,,,,,,,187.5227806,208.0,0.132,,,,,,,,,,,,,0.415,0.456,0.222,0.286,0.0978,,,,,,5.84,,,,,,,,,,,,,,,,,0.0004404087686752872,0.006944444444444444,,,,,,,,173.91304347826087,,,,,,,,,,,,,,,,,,,,,,,6.289308176100628,,0.0030864197530864196,,,,,,,,,,,6.744242424242424e-05,,,,,,,,
1952.0,,,,,,,76.44,0.434,,,,,,,,2.95,,,,282.0,,,,,112.5,,,,,,0.561,,,,186.0801772,197.0,0.129,,,,,38.55902778,,,,,,,,0.41,0.446,0.222,0.28,0.0984,,,,,,5.72,,,,,,,,,420.16806722689074,5.813953488372094,,,420.16806722689074,5.813953488372094,,,,,,,,,,,,,,,562.5,,,,,0.031123560535325237,,,,,,,,,,,,,,,6.25,,0.003003003003003003,,,,,,,,,,0.0001818181818181818,,,,,,,,,
1953.0,,,,,,,65.6,0.464,,,,,,,,3.08,,,,285.0,,,,,115.8,,,,,,0.498,,,,180.4277123,193.0,0.134,,,,,38.34733258,,,,,,,,0.4,0.442,0.237,0.301,0.0985,,,,,,5.66,,,,,,,,,,,,,,,,,,,,,,,,8.535534709900806e-06,,,,,,,,,,,,,,,,,,,,,,,,,6.211180124223603,,0.002824858757062147,,,,,,,,,,,,,,,,,,,0.05847953216374269
1954.0,,,,,,,67.53,0.458,,,,,,,,3.15,,,,285.0,,,,,105.1,,,,,,0.458,30.4785553,,,176.7597097,156.0,0.128,,,,,36.56320542,,,,,,,,0.395,0.424,0.243,0.301,0.0972,,,,,,5.58,,,,,,,,,,,,,,,,,,,,,,,,,,,,,,,,,,,,,,,,,,,,,,,,,5.555555555555555,,0.0025974025974025974,,,,,,,,,,,,,,,,,,,0.055401662049861494
1955.0,,,,,,,66.42,0.407,,,,,,,,3.09,,,,282.0,,26.65957447,,,106.0,,,,,,0.43,33.0212766,,,171.1684086,152.0,0.126,,,,,35.52295633,,,21.43784994,,,,,0.365,0.374,0.26,0.324,0.0947,,,,,,4.44,,,,,,,,,166.66666666666666,2.9154518950437316,,,166.66666666666666,2.9154518950437316,,,,,,,,,,,16778523.489932887,14.40922190201729,,,,,,,,,,,,,,,,,,,,,,0.0038295102056446983,4.385964912280701,,0.0022935779816513763,,0.003691262780997379,,,,,,,,,,,,,,,,,
1956.0,,,28.13528139,,,,63.0,0.383,,,,,,,,2.99,5.995670996,,,271.0,,25.68831169,,,101.2,,,,,,0.386,36.67316017,,,164.1894922,135.0,0.123,,,,,35.02380952,,,20.2478355,,,,,0.335,0.341,0.277,0.361,0.0935,,,,,,3.39,,,,,,,,,,,2057.61316872428,833.3333333333334,2057.61316872428,,,,,,,,,,,,,,,,,,,,,,,,,,,,,,,,,,,,3.731343283582089,0.0018532246108228317,0.00211864406779661,,,,,,,,,,,,,,,,,,,
1957.0,,,28.55140187,,,,60.33,0.359,,,,,,,,3.17,5.599169263,,,257.0,,24.35410177,,,98.6,,,,,,0.329,36.66043614,,4.173416407,158.6665918,134.0,0.124,,,,0.175,32.32087227,,,19.84008307,,,,,0.295,0.298,0.282,0.362,0.094,17.38629283,,,,,2.53,,,,,,,,,,,,,,,,,,,,,,,,9.701502167862699e-07,,,,,,,,,,,,,,,,,,,,,,,,0.0030078806472959153,3.4602076124567476,0.001700102006120367,0.0019157088122605363,,,,,,,,,,0.0001,,,,,,,,,
1958.0,,,28.04692388,,,,60.83,0.33,,,,,,,,3.03,5.622523462,,,259.0,,23.63816475,,,96.4,,,,,,0.32,36.81334724,,3.713242961,151.8535952,135.0,0.116,,,,0.16,29.93013556,,,20.14285714,,34.42752868,33.37643379,,0.28,0.27,0.269,0.352,0.0925,17.28571429,8.541188738,,,12.41397289,2.02,,,,,,,,,200.0,1.0482180293501049,,,200.0,1.0482180293501049,,,,,,,,,,,,,,,187.5,,,,,,,,,,,,,,,,,,,,3.125,0.0015365703749231716,0.001838235294117647,,,,,,,,,,,,,,,,,,,
1959.0,,26.82868937,27.75748194,,,,58.96,0.286,28.00825593,,,,,,,2.9,5.395252838,,,250.0,,22.43240454,,,97.0,,,,,,0.315,36.43343653,26.9370485,3.809081527,146.7451983,126.0,0.114,,,,0.135,30.37151703,14.96181631,,16.58513932,,34.07223942,33.03199174,0.413,0.24,0.246,0.265,0.347,0.0916,17.15892673,8.40247678,,,11.92363261,1.7,,,,,,,1.0,,,,,,,,,,0.0001925520535276193,,,,,,,,,3.067484662576687,,,,,,,,,,,,,,,,,,,,,,,3.257328990228013,,,,,,,,,,,,,,,,,,,,,
1960.0,132.9867076,22.92535787,26.58179959,3.526584867,,,55.73,0.3,27.72290389,,,,,,,2.85,5.345603272,,,245.0,,21.82924335,5.110429448,,92.4,,,,,,0.27,36.09815951,24.17280164,3.680981595,142.2836673,127.0,0.113,43.95807771,,,0.135,30.21267894,14.61758691,,17.94376278,128.797546,33.38957055,28.65235174,0.397,0.245,0.223,0.252,0.341,0.091,16.66359918,8.258691207,,,11.6605317,1.55,,,,15.67791411,,,,,,,,,,,,,,,,,,,,,6289308.176100628,,,,,,,,,,,,,,,,,,,,,,,,3.4013605442176873,,,,0.0030760712418099606,,,,,207.0,,,,,,,,,,,,
1961.0,120.4459184,17.9255102,26.02857143,3.644897959,16.10612245,,51.97,0.306,27.66632653,,,,,,,2.82,5.140816327,,,240.0,,20.99285714,5.1,,91.2,,,,,,0.22,36.0244898,22.11428571,3.633673469,137.1586308,118.0,0.112,43.86836735,,,0.125,29.17142857,14.79387755,,17.99693878,120.4459184,32.49897959,23.52857143,0.364,0.2,0.182,0.215,0.337,0.09,16.56326531,8.308163265,,,10.89387755,1.4,,,4.389795918,15.03265306,,,,,,,,,,,,,,,,,,,,,,0.7142857142857143,,,,,,,,,,,,,,,,,,,,,,,3.623188405797101,,,,,,,,,,,,,,,,,,,,,
1962.0,107.4759468,15.19959058,24.46571136,3.550665302,13.58955988,,50.41,0.232,26.08290686,41.64892528,,,,,,2.79,4.60593654,,,230.0,,21.2272262,4.812691914,3.245649949,90.6,,,14.55987718,,,0.199,36.13510747,17.06857728,3.481064483,133.416765,121.0,0.109,44.00307062,,,0.11,26.2395087,12.46878199,,14.27123849,116.6601842,31.5087001,21.2691914,0.312,0.195,0.17,0.226,0.333,0.091,16.9160696,8.21801433,,,10.25997953,1.3,,,4.451381781,14.24257932,7.654042989,,0.14285714285714285,,125.0,0.7283321194464676,,,125.0,0.7283321194464676,,,,,,,100704.93454179255,427.3504273504273,14.245014245014245,,,,,,,,,,,,,359.71223021582733,,,,,0.0012406947890818859,2.9585798816568047e-12,,,,,,,,,,,,,,,,,,,,,,,,,,0.12223099629457562,,
1963.0,107.4759468,14.20061412,23.13306039,3.491299898,14.18628454,,48.14,0.215,25.28659161,38.21699079,,4.17604913,,,,2.74,4.154554759,,,227.0,,20.23234391,4.615148414,3.090071648,93.2,,,14.24257932,,,0.168,36.13510747,13.62947799,3.512794268,129.8765195,110.0,0.106,44.00307062,,,0.084,24.41658137,9.759467758,,9.957011259,116.6601842,23.98157625,18.60184237,0.271,0.17,0.168,0.211,0.329,0.1115,16.86591607,8.103377687,,,9.481064483,1.23,,,4.411463664,13.5209826,7.144319345,,0.08333333333333333,,,,,16.39344262295082,,,,,9.4627411291318e-05,0.0024154589371980675,,,,,,8.41521492268309e-08,,,,,,,,,,,,,,,,,,,,,,62.5,0.000276494383016609,0.0006682973121082107,,,,,,,,,500.0,,,,,,,,,,,,,
1964.0,100.6190965,16.10882957,24.32135524,3.459958932,14.13039014,,45.97,0.202,22.20533881,34.61704312,7.195071869,4.126283368,,,,2.69,3.940451745,,,200.0,,19.03593429,4.784394251,2.689938398,86.1,,,13.71252567,6.394250513,,0.156,35.81416838,12.52053388,2.925051335,123.4722408,100.0,0.104,44.1386037,,,0.082,24.81211499,9.977412731,,9.987679671,100.6190965,21.24948665,17.05338809,0.221,0.155,0.156,0.218,0.323,0.0977,16.93429158,8.087268994,23.06570842,,8.31724846,1.21,26.93326489,,4.372689938,11.68583162,6.516427105,,0.03333333333333333,,,,,,,,,,,,,,,,,,2816901.4084507045,0.11415525114155252,,,,,,,,,,,,,,,,,,,,,,,,,,0.0038714672861014324,,,,,,,,,,,,,,,,,,
1965.0,91.29513185,16.1693712,24.85598377,3.387423935,13.2515213,,46.86,0.216,21.09634888,31.82048682,7.157200811,4.055780933,,,,2.63,4.137931034,,,200.0,,18.0851927,4.10851927,2.576064909,84.6,,,13.8336714,6.277890467,,0.153,34.99087221,11.80020284,3.193711968,120.4139153,85.5,0.104,43.60141988,,,0.082,22.53549696,9.545638945,,8.542596349,85.20791075,18.72920892,17.06592292,0.2,0.15,0.154,0.221,0.318,0.0923,15.99188641,7.411764706,23.73833671,22.28904665,7.737322515,1.19,26.39350913,,4.096348884,10.89249493,6.216024341,,0.02,,,,76.33587786259541,6.289308176100628,76.33587786259541,,,,9.460177540627692e-05,,,,,,,,1612903.2258064516,,,,,,,,,,,,,,,,,,,,,62.5,,,,,,,0.001845665454679685,,,,400.0,,,,,,,,,,,,,
1966.0,79.36309524,12.55357143,24.31349206,3.096230159,11.42757937,,44.76,0.211,20.12599206,24.48412698,7.114087302,4.067460317,,,,2.59,4.026785714,,,197.0,,16.5109127,4.096230159,2.677579365,84.2,,,13.23710317,5.929563492,,0.149,33.81944444,12.60416667,3.235119048,117.3477217,93.0,0.101,41.68055556,,,0.07,23.2202381,9.347222222,,9.393849206,81.37202381,17.42757937,17.15079365,0.175,0.157,0.141,0.215,0.309,0.0913,15.22619048,6.639880952,23.83234127,19.68849206,7.965277778,1.16,25.38194444,,4.128968254,10.61210317,5.882936508,,,,76.92307692307692,0.3641660597232338,,3.558718861209964,76.92307692307692,0.3641660597232338,,,,,,,,,,,,,,,,,,,,,,,,,,,,,,,,,,,,,,0.003859513701273639,,,,,,,,,,5.324401913875598e-05,,,,,,,,
1967.0,72.85034014,11.4548105,24.29834791,2.700680272,10.57434402,,43.03,0.205,20.01360544,19.87366375,6.968901846,3.8202138,,,,2.54,3.72303207,,,190.0,,15.17103984,3.839650146,2.535471331,83.1,,,13.24198251,5.950437318,,0.128,33.03012634,12.8765792,3.041788144,112.9813361,90.5,0.1,39.86200194,,,0.07,21.8765792,8.587949466,,11.60447036,56.34013605,16.41885326,14.31681244,0.175,0.145,0.128,0.213,0.306,0.0901,14.9154519,6.003887269,22.49757046,19.2866861,7.496598639,1.12,24.8143829,,3.537414966,10.85228377,5.121477162,,,,,,,,,,,,,,,,,,,7.035335285962322e-09,,,,,,,,,,,,,,,,,0.0011588828369451848,,,,,142.85714285714286,0.00025884606424559313,0.0005402455956477815,,,,,,,,,350.0,,,1379.449742191077,,,,,,,,,,0.04830917874396135
1968.0,57.67211538,11.53942308,24.625,2.048076923,10.36826923,,43.17,0.199,18.18846154,18.26153846,7.041346154,4.241346154,,,,2.47,3.221153846,,,,,13.0625,3.3,2.365384615,,,,13.70480769,5.701923077,,0.107,32.3875,11.86730769,2.549038462,109.4612924,89.0,0.094,39.44038462,,,0.057,21.25865385,7.098076923,,12.04615385,52.86730769,14.92115385,11.66730769,0.172,0.128,0.123,0.21,0.296,0.0886,14.86153846,5.730769231,22.39326923,18.70480769,6.435576923,1.08,24.57596154,4.678589286,2.970192308,10.22403846,4.396153846,,,,,,,,,,,,,,,,,,,,,,,,,,,0.21008403361344538,0.034364261168384876,,,102.88065843621399,,,0.001026272577996716,6.622516556291391e-12,,,,,,,,,,,,,,125.99999999999999,,,,,,,,,,,,,,,,
1969.0,51.82092366,11.06503299,25.63053723,1.603204524,9.942507069,,,,17.63336475,16.75683318,6.839773798,4.128180961,,,,,3.14797361,,,,,11.64373233,3.110273327,2.176248822,,,,13.7464656,5.533459001,,,31.58812441,13.7737983,2.525918944,105.9935577,,,38.65975495,,,,21.667295,7.372290292,,10.56738926,42.4269557,14.35061263,11.4137606,,,,,,,14.95098963,5.770970782,24.04147031,18.57492931,5.982092366,,24.08953817,3.567396669,2.374175306,9.372290292,4.119698398,,,,,,,,,,,,,,,,,,,,269541.77897574124,0.038910505836575876,,,,,,,,,,,,,0.011494252873563218,,,,,,,,,,,,,,,,,,250.0,,,643.9075678850824,3.3333333333333335e-05,,,,,,875.4141220261972,0.01061032953945969,437.7070610130986,
1970.0,49.7124774,9.886980108,25.95207957,1.545207957,10.38426763,,,,15.1238698,16.26853526,6.857142857,3.77034358,,,,,3.103074141,,,,,10.24954792,2.792947559,2.151898734,,,,14.54520796,5.161844485,,,30.12206148,14.34267631,2.59403255,102.5340364,,,37.08679928,0.261509517,,,20.74412297,6.2920434,,8.226039783,37.08679928,12.49367089,11.36166365,,,,,,,14.41500904,5.608499096,20.93128391,17.89059675,5.849005425,,22.47197107,2.155532171,2.604882459,7.692585895,3.561482821,,0.0003333333333333333,,,,,0.9000900090009001,,,,,2.003596810510783e-05,0.000462962962962963,,,,,,,,,,,,,1000.0,,,,,,,,,,,,,,,,,,2.155172413793103,0.0011467889908256881,,,,,,,,175.0,,,,,,,,,,,,
1971.0,45.5588994,8.890799656,24.927773,1.512467756,9.6216681,,,,13.69475494,15.10490112,6.613069647,3.431642304,,,,,2.81255374,,49.617952,,,9.845227859,2.606190886,1.909716251,,,,14.54170249,4.952708512,,,30.17454858,12.6672399,1.702493551,99.84143852,,,35.26913156,0.401551308,,,18.06534824,5.640584695,,6.283748925,32.68787618,10.27773001,10.85898538,,,,,,,13.97076526,5.39810834,19.16337059,17.39208942,5.175408426,,19.53052451,1.103027409,2.442820292,6.705932932,3.5855546,,,,90.90909090909092,,13.315579227696405,,13.315579227696405,,,,,,,,,,,,,,,,,18000.0,,,,,,,,,,,,,,,,,0.0002295425904799506,0.0004933277422855875,2.1141649048625792,0.001115324559446799,0.0018148820326678765,,,,,,,,,350.03997734299793,,,,,,,,,,
1972.0,40.19262982,8.968174204,22.0360134,1.515075377,7.320770519,,,,12.97068677,14.80067002,6.499162479,3.332495812,,,,,2.495812395,,32.9276677,,,9.793132328,2.495812395,1.617252931,,,,13.31239531,4.663316583,,,30.16499162,10.99748744,1.215242881,97.45053114,,,34.35343384,0.641807999,,,14.05108878,5.42881072,,5.845896147,30.16499162,9.80318258,10.20268007,,,,,,,14.22026801,5.358458961,20.46482412,17.84422111,4.781407035,,20.01926298,0.589689161,2.211892797,5.845896147,3.325795645,,,0.0006666666666666666,,,,,,,,,,,,,,,,,,,,,,750.0,,,,,,,,,,,,,,,,,,,2.941176470588235,,,,,,,,150.0,,66.60846290809155,,2.857142857142857e-05,,,,,,,,,
1973.0,,,,,,,,,,,,,,,,,,,25.1259413,,,,,,,,,,,,,,,,98.82848014,,,,0.559623668,,,,,,,,,,,,,,,,,,,,,,,0.32748535,,,,,,,31.25,0.09322270905192505,,,31.25,0.09322270905192505,,,,,,,,,,,80645.16129032258,,,,,150.0,,,,,,47.61904761904761,,,,,0.0005828524800373026,6.944444444444444e-13,,,,90.90909090909092,0.0002211953840947247,0.0004910915984049345,3.144654088050314,,,,,,,,,,,41.46169559796821,,,,,,,2485.3623456791856,0.0075451232280602226,621.3405864197964,0.04310344827586207
1974.0,,,,,,,,,,,,,,,,,,,15.60088634,,,,,,,,,,,,,,,,97.16142093,,,,0.858936763,,,,,,,,,,,,,,,,,,,,,,,0.195507392,,,,,0.0001,0.00025,,,,0.6146281499692686,,,,,,,,,,,,5.090753547396241e-09,,,,,,,,,,,,,,,,,,,,,,,0.0002027624354201643,,,,,,,,,,,,12.462014013849128,,,,,,,,,0.00589462752192205,,
1975.0,,,,,,,,,,,,,,,11.67,,,,7.299822299,,,,,,,,,,,,,,,,96.98175012,,,,1.014712183,,,,,,,,,,,,,,,,,,,,,,,0.065019757,,,,,6.25e-05,,,0.08001280204832774,,0.351123595505618,,0.08001280204832774,,,,,,,,,,,,,,,,10.0,,,,0.01701258931609391,,,,0.17857142857142858,,,,,,,,,,,4.545454545454546,,,,,,,,,,,,2.2222222222222223e-05,,,,,,,,,
1976.0,,,,,,,,,,,,,,,11.48,,,,3.62459676,,,,,,,,,,,,,,,,91.78981528,,,,1.454413931,,,,,,,,,,,,,,,,,,,,,,,0.032767453,,,,,,,,,,,,,,,6.682465404836505e-06,8.333333333333333e-05,,,,,,,,0.006666666666666667,,,,1.0,,,,,,,,,,,,,,,,,,,,,,,,71.39999999999999,,,,,,,,,,,,,,,,
1977.0,,,,,,,,,,,,,,,11.26,,,,2.043005538,,,,,,,,,,,,,,,,89.23076923,,,,1.502013351,,,,,,,,,,,,,,,,,,,,,,,0.018281466,,,,,,,,,,,,,,,,,,,,,,,63694.26751592357,,,,,,,,,,,23.809523809523807,,0.05555555555555555,,,0.0005399276496949409,3.6496350364963506e-13,,,,,,,4.739336492890995,,,,,53.27315914489311,4.84811208545702,,,,,,,,,,,,,,,
1978.0,,,,,,,,,,,,,,,9.95,,,,1.239024459,,,,,,,,,,,,,,,,88.94780175,,,,1.806956125,,,,,,,,,,,,,,,,,,,,,,,0.010952251,,,,,1.6666666666666667e-05,5e-05,,,,,,,,,,,,,,,,,,,,,,,,0.17699115044247787,0.03067484662576687,,,,,,,,0.0005562972852692479,,,,,,,,4.291845493562231,,,,,37.710213776722085,4.233106002704449,,,,7.889669729459817,,,,,,,,,0.0015915494309189533,,
1979.0,,,,,,,,,,,,,,,9.12,,,,0.901530955,,,,,,,,,,,,,,,,87.01175517,,,,1.914172156,1017.201449,,,,,,,,,,,,,,,,,,,,,,0.005058634,,,,,,,,,,,,,,,,,,,,83.33333333333333,3.3333333333333335,,,,,,,,,0.36101083032490977,,,,,,,,,,,,,,62.5,,0.00046226742170345545,4.464285714285714,,,,,30.12826603325416,3.6180845434769826,,,,,30.56990700935379,,,,,,,,,,
1980.0,,,,,,,,,,,,,,76.06514658,11.09,,,,0.638162733,,29.27,,,,,12.375,,,,,,,,,84.07083781,,,,1.335587374,1100.857653,,,,22.55750824,,,,,,,,,,,,,,,,,,0.002938864,,,,,,,,,,0.15363343063450607,,,,,,,,,,,,,60606.0606060606,,,166666666.66666666,62.5,0.3000000000000003,25.0,0.3424657534246575,,,,,,,,,,,,,,,,0.0003395850949310133,5.46448087431694,,,0.0032,,24.940617577197152,3.07541030314268,,,447.0,4.288969335171302,,,,,,,,,,,
1981.0,,,,,,,,,,,,,,64.39694656,9.15,,,,0.270379735,,27.37,,,,,11.74342105,,,,,,,,,82.08179559,,,,1.713469344,1344.168761,,,,17.18003886,,,,,,,,,,,,,,,,,,0.001370008,,,,10909.0,,,,,,,,,,0.031039513300431452,,,,,3311.258278145695,20.833333333333332,0.8322929671244278,,12870.01287001287,,,,,0.15,,0.1724137931034483,0.029411764705882353,,,,,,,,,,,,,,,,5.405405405405405,,,,,21.748218527315913,2.6050859951971126,,,,,,,,,,,,,,,
1982.0,,,,,,,,,,,,,,54.73170732,8.79,,,,0.148350229,,26.25,,,,,11.11111111,,,,10000.0,,,,,80.96567061,,,,2.045859134,1269.087998,,,,17.44450609,,,,,,,,,,,,,,,,,,0.000668019,,,,11075.0,4.7619047619047615e-06,1e-05,,,,,,,,,,,,,,,,,4347.826086956522,,,,,,,0.25380710659898476,,,,,,,,,0.0017064846416382253,,,,,,0.00018432941879090961,0.00033955857385398983,4.8543689320388355,,,,,20.55106888361045,2.279478737500961,,30.0,,2.331562484720032,9.034047151333581,,,,,,,268.5944891560639,0.0003666929888837269,298.43832128451544,
1983.0,,,,,,,,,,,,,,45.4535809,12.7,,,,0.110235974,,23.65,,,,,10.47794118,,,,3500.0,,,,,79.22815715,,,,2.719525695,1093.767385,,,,16.39248853,,,,,,,,,,,,,,,,,,0.00048377,,,,11451.0,,,,,,0.04515488124266233,,0.04515488124266233,,,1.6495028540667463e-07,3.3333333333333333e-06,,,251.25628140703517,3.125,0.10416666666666667,,,,,,,,,0.21978021978021978,,,,17.857142857142858,,,0.008561643835616438,,,,,,,,0.00018157849820055706,0.00030965504428067135,,,,,,16.560570071258905,2.040701709954458,,,,,,,,,,,,,,,
1984.0,,,,,,,,,,,,,,34.62962963,9.45,,,,0.087626193,,23.26,,,,,9.84375,,,,2000.0,,,,,79.73934437,,,,2.464479773,899.3719363,,,,13.36644757,,,,,,,,,,,,,,,,,,0.000437762,,,,10811.0,,,9.980039920159681,,,,9.980039920159681,,,,,,,,,,,,,0.0008421052631578948,,,,0.05,,0.19342359767891684,,0.015625,,,,,,,,,,,,,,,4.25531914893617,,,,,15.363420427553441,1.9394145181057993,4.5,,,,,,,,,,,,,,
1985.0,,,,,,4.055818099,,,,,,,,28.8,8.53,,,,0.027144296,,24.25,,,,,9.208333333,,,,1500.0,,,,,76.78446564,,,,2.848508198,880.9327245,,,,12.2033955,,,,,,,,,,,,,,,,,,0.000197308,,,,10199.0,1e-06,5e-06,,,4.237288135593221,0.04389430251953296,4.237288135593221,0.04389430251953296,,,,,,,0.47619047619047616,,,,,,,,,0.025,,0.1706484641638225,,0.014925373134328358,588.2352941176471,10.309278350515463,,,,,0.0011224604332697272,,,,,,,,3.952569169960474,,,,,13.368171021377675,1.8019412347309343,3.1,20.0,,,,,,,,,,,,,
1986.0,,,,,,3.260255864,,,,,,,,24.96359223,8.44,,,,0.016425558,,18.44,,,,,8.571428571,,,,1000.0,,,,,75.41445519,,,,2.932466362,1017.384558,,,,11.43434667,,,,,,,,,,,,,,,,,,0.000140079,,,,9576.0,,,,0.027311957174851152,2.178649237472767,,2.178649237472767,0.027311957174851152,,,,,,,,1.5625,,,1434.7202295552368,,,,,,,0.13986013986013984,0.0136986301369863,0.007692307692307693,,,5.154639175257731,,,,0.004962779156327543,,,,,,0.00017890815928551238,,3.6900369003690034,,,,,11.771971496437052,1.5920964919024772,,,,0.6890254987297223,2.669749957287931,,,,,,,671.6541924779556,0.000353677651315323,1119.4236541299258,0.03333333333333333
1987.0,,,,,,2.783143561,,,,,,,599.3,22.30434783,8.42,,,,0.015803998,,19.44,,,,,8.254869668,,,,750.0,,,,,72.44119896,,,,2.977187961,1182.683369,,,,9.547166513,,,,,,,,,,,,,,,,,,9.84e-05,,,,8485.0,,,,,,,,,,0.003031221582297666,,,,,,,,,,0.00010810810810810811,0.4347826086956522,,,,,0.14326647564469913,,0.005714285714285714,,,,,,,0.0009387027128508402,,,,,,0.0001713484782541646,,3.134796238244514,,,,,10.574821852731592,1.23750864926713,1.9000000000000001,,,,,,,,,,,,,,0.010752688172043012
1988.0,,,,,,2.469480741,,,,,,,514.3,20.23809524,12.02,,,,0.022024975,,16.9,,,,,7.932692308,17.2279084,,,400.0,,,,,70.49381524,,,,2.652277744,1218.19917,,,,9.454650701,,,,,,,,,,,,,,,,,,7.59e-05,,,,7722.0,2.5e-07,1.111111111111111e-06,,,0.6269592476489029,0.020319834190153006,0.6269592476489029,0.020319834190153006,,,,,1.3727777778432136e-07,1.7857142857142857e-06,,,,,,,,,,,,,0.011764705882352941,0.005263157894736842,,,,,,,,,,,,,,,,,,,,9.97624703087886,1.1723912679712551,,,,0.3745669130062844,1.0700689556931746,,,,,,,,,,0.008333333333333333
1989.0,,,,,,2.201498477,,,,,,,631.8,19.03797468,8.693384335,,,,0.01900752,,14.18,,,,,7.325581395,13.38268249,,,300.0,,,,,69.81576588,,,,3.374219115,1169.700718,,,,9.537099644,,,,,,,,,,,,,,,,,,3.91e-05,,,,7614.0,,,,,,,,,,,,,5.0758145358176875e-08,7.936507936507937e-07,,,,,,,0.3333333333333333,,,,,0.1636661211129296,0.01,0.0044444444444444444,,,,,,,0.001141552511415525,,,,,,,,,,,,,9.776722090261282,1.0638498170651736,2.4,,,,,,,,,,,,,,
1990.0,,,,,,1.979837503,,,,,,,521.6,17.83783784,8.51,,,,0.008998422,,12.89,,,,,7.181756297,9.50486357,,,200.0,,,,,67.64779551,,,,,1109.240881,,,,9.738847608,,,,,,,,,,,,,,,,,,2.24e-05,,,,7928.0,,,,,0.5672149744753262,0.011611434941130025,0.5672149744753262,0.011611434941130025,,0.001515610791148833,,,,,,0.7692307692307692,0.052083333333333336,7.071924019108501e-10,353.35689045936397,,,,,,2.5,,,0.00423728813559322,222.22222222222223,5.154639175257731,,,,,,3.378378378378378e-13,,,,37.03703703703704,,,3.1847133757961785,,,0.002326771836753688,,9.577197149643704,0.9408313245928627,1.7999999999999998,,600.0,,,,,,,,,,,,
1991.0,,,,,,1.792564166,,,,,,,641.6,16.95774648,9.06,,,,0.005673695,,13.12,,,,,6.86277995,6.997576581,,,170.0,,,,,66.52809468,,,,,1040.934204,,,,9.071851916,,,,,,,,,,,,,,,,,,1.5e-05,,,,8152.0,,,6.410256410256411,,0.49529470034670625,,0.49529470034670625,,,,,,,,,,,,310.5590062111801,4e-05,,,,,,,,,,,4.0,0.02857142857142857,,,,,,,,,,,2.7472527472527473,,,,,8.779097387173396,0.8130081300813008,,,,,0.7889669729459816,,,1.6919713933863708e-07,2171.6418148700504,26.63485124543448,3.937007874015748e-05,,,,
1992.0,,,,,,1.671241261,,,,,,,607.3,16.87943262,7.47,,,,0.003908046,,13.6,,,,,6.428571429,3.925980122,,,140.0,,,,,64.20784041,,,,,777.7948949,,,,8.572511469,,,,,,,,,,,,,,,,,,1.04e-05,,,,7456.0,,,,0.015606710885680842,0.17053206002728513,0.008466683600033867,0.17053206002728513,0.008466683600033867,,,,,4.6028911557490586e-08,,,,,6.052767551522488e-10,,1.9047619047619046e-05,0.14285714285714285,,,,,,,,94.33962264150944,2.3980815347721824,,,,,0.0006468723720809884,,,,,,,,,,,,,8.180522565320665,0.6875477688282674,,,,,,,,,,,,,,,
1993.0,,,,,,1.549617383,,,,,,,533.4,16.61870504,10.09,,,,0.003998369,,12.22,,,,,5.86306914,1.870505757,,,140.0,,,,,63.60365384,,,,,,,,,7.643175056,,,,,,,,,,,,,,,,,,9.04e-06,,,,7033.0,7.692307692307692e-08,5e-07,,,0.1278118609406953,0.004063999869952004,0.1278118609406953,0.004063999869952004,,0.0008660633092279045,,,2.8726346722517883e-08,5.952380952380952e-07,,0.6172839506172839,0.0205761316872428,,,2.4464831804281347e-06,,12500000.0,8.0,,,0.09842519685039369,,0.004166666666666667,,,,,,,,,,,,,,,2.7548209366391188,,,0.0013568521031207597,,6.983372921615201,0.5789948307909387,,,,0.2371373705661655,,,,,,,,,,,0.007518796992481203
1994.0,,,,,,1.452879768,,,,,,,450.4,16.35766423,6.985679357,,,,0.003901705,,12.2,,,,,5.676521739,0.883271817,,,140.0,,,,,61.80909103,,,,,,,,,7.472130626,,,,,,,,,,,,,,,,,,7.63e-06,,,,6644.0,,,0.14291839359725597,,,0.0027093295763963203,0.14291839359725597,0.0027093295763963203,,,,,1.2469453375877813e-08,2.0096463022508038e-07,,,,1.1431367163502235e-10,83.33333333333333,,,,,,,0.09784735812133072,0.00909090909090909,0.0035714285714285713,,,,,,,0.000709471443774388,,,,,,,,2.73224043715847,,,,,6.783847980997624,0.49938928259699616,1.1,7.0,,,0.31622776601683794,,,,,,,,,,0.006097560975609756
1995.0,,,,,,1.371466742,,,,,,,467.4,15.93984962,8.634087377,,,,0.003850863,,10.95,,,,,5.5125,0.405048884,,,,,,,,60.95613425,,,,,,,,,6.916481881,,,,,,,,,,,,,,,,,,6.7e-06,,,,6100.0,1.6666666666666667e-08,,,,0.030804300280319132,0.001625595984127681,0.030804300280319132,0.001625595984127681,,0.0007217194243565872,,,7.3233427880910995e-09,1.0047221943132724e-07,,,,,,,0.1,,,,1.0,0.08888888888888889,,0.0032258064516129032,52.91005291005291,1.4409221902017293,3.597122302158273,,,,,,,,,,,,,,0.001639344262295082,,,6.38479809976247,0.4487322096446677,,,,,,,,,,,,,,,
1996.0,,,,,,1.29883902,,,,,,,432.6,15.51937984,7.695267411,,,,0.001295655,,11.88,,,,,5.436231884,0.216065177,,,,,,,,64.92604184,,,,,,,,,5.75872869,,,,,,,,,,,,,,,,,,4.2e-06,,,,5946.0,,,,,0.058082128129174654,0.000903109043192093,0.058082128129174654,0.000903109043192093,,0.0006062443164595332,,,6.7535324515260865e-09,,,0.390625,0.015625,4.837376742697746e-11,12.77139208173691,1.0863661053775123e-06,,1428571.4285714286,1.3,,,,0.008,,,,,0.02,,,,,,,,35.714285714285715,,,,,0.0016025641025641025,,,6.1852731591448915,0.39083616365996277,,4.0,,0.09504760465857923,,,2.0645640074211505e-05,,,,,,,,
1997.0,,,,,,1.240950928,,,,,,,,15.20063694,7.692307692,,,,0.00051369,,10.35,,,,,5.0243309,0.111202621,,,,,,,,59.27311632,,,,,,,,,5.709596962,,,,,,,,,,,,,,,,,,2.37e-06,,,,6041.0,,,0.09261831990367694,,0.015174506828528072,0.0007067812123418135,0.015174506828528072,0.0007067812123418135,,,,,,,,,,2.0638526223452462e-11,,2.9895366218236176e-07,,,,0.01,,,,,,,,0.014925373134328358,,,,,,,,,,,,,0.001579778830963665,,,5.5866983372921615,0.3474142648462127,1.625,,,,0.06890254987297215,,,5.675882217726121e-08,216.72958936631952,2.781182286685799,5e-06,,,,
1998.0,,,,,,1.185530477,,,,,,,,14.96103896,7.352941176,,,,0.000192708,,9.46,,,,,4.675324675,0.040066604,,,,,,,,58.18633872,,,,,,,,,4.798070304,,,,,,,,,,,,,,,,,,1.17e-06,,,,5958.0,1e-08,2e-07,0.002915655905952603,,0.004847333239618224,0.00020319958059606563,0.002915655905952603,0.00020319958059606563,0.008429997302400863,0.0003157522481560069,,,5.072689618226021e-10,7.176690110521028e-09,0.1694915254237288,,4.2553191489361704e-05,1.016238149889399e-11,4.0,,0.07142857142857142,71428.57142857143,0.05,,0.5,0.07132667617689016,0.007142857142857143,0.002564102564102564,,,,,,,,,,,,20.0,,,,,0.0015174506828528073,,,4.8999999999999995,0.3257049435366796,1.2,,,,0.0374566913006284,,,7.628496867753435e-08,344.7427584892673,11.442745301630152,,,,,
1999.0,,,,,,1.130290622,,,,,,,,14.78547855,7.407407407,,,,0.000162376,,4.98,,,,,4.426373626,0.018487629,,,,,,,,56.29175405,,,,,,,,,4.391410837,,,,,,,,,,,,,,,,,,8.32e-07,,,,5702.0,,7.142857142857142e-08,,0.000109247088728956,0.0016507506788712167,0.00013546644211749221,0.0016507506788712167,0.000109247088728956,,0.0003031221582297666,,,1.528681936879454e-09,,0.00024143718866674523,0.3076923076923077,1.8518518518518518e-05,4.7835314812070324e-12,2.976190476190476,1.6809547823163557e-07,,24999.999999999996,0.022500000000000006,,0.2222222222222222,0.10080645161290323,,,,,2.770083102493075,,,,,,,,,20.0,,,,,0.0014970059880239522,,,3.6199999999999997,0.2967571014440319,0.8999999999999999,,,,,,,,,,,,,,
2000.0,,,,,,1.080004718,,,,,,,,14.68891478,7.246376812,,,,0.000123933,,9.61,,,,,4.322033898,0.009924938,,,,,,,,54.95600174,,,,,,,,,3.568907385,,,,,,,,,,,,,,,,,,6.67e-07,,,,5563.0,5e-09,,,,0.0010267878687066888,8.127983884483792e-05,0.0010267878687066888,8.127983884483792e-05,0.0011408752795144435,0.00015156110208564748,,,1.1688940354742593e-10,7.849392143072441e-10,,,,,2.544529262086514,8.100445524503848e-08,0.05,,,,,0.6993006993006994,0.006666666666666667,0.002380952380952381,,,,0.012195121951219513,,,0.002257846014901784,,,,,,,,,,0.001443001443001443,,,3.4599999999999995,0.2822846728202716,0.775,,,0.060174399458955245,0.011069236005176073,,,,,,,,,,
2001.0,,,,,,1.033314987,,,,,,,,14.6080402,6.944444444,,,121225507.4,2.95e-05,,11.26,,,,,4.219653179,0.006980927,,,,,,,,55.05437544,,,,,,,,,3.372215363,,,,,,,,,,,,,,,,,,2.87e-07,,,,,,2.5e-08,,,,2.902851488434198e-05,,2.902851488434198e-05,,,,,3.903156556777668e-11,4.1863424763053017e-10,,,,1.775611207696299e-12,0.006097560975609756,,,,,,0.1,0.5988023952095809,,,,,,,,,,,,,,,,,,,,,,3.4200000000000004,0.267811882397102,0.75,,,,,,,7.637130979481241e-08,156.65832938542445,1.193301715543944,,,,,
2002.0,,,,,,0.992943876,,,,,,,,14.53872054,7.462686567,,,76886375.4,2.81e-05,,10.06,,,,,4.117159763,0.001892621,,,,,,,,53.74037857,,,,,,,,,3.440894447,,,,,,,,,,,,,,,,,,1.95e-07,,,,,,,,2.7311773674104884e-05,0.0003503249088367006,2.257773117734063e-05,0.0003503249088367006,2.257773117734063e-05,0.0010509743583276055,7.217195285323876e-05,,,3.035258713116049e-11,3.1402143384698865e-10,,,,9.999999999999942e-16,,1.1154489682097045e-08,,,,0.0025,,0.041911148365465216,0.0058823529411764705,,81.96721311475409,,,,,,,,,,,125.0,0.00013106400379561355,0.00024815250460322896,,,,,,3.7400000000000007,0.2461004807409652,0.8,,,0.017782794100389226,,,,,,,,,,,
2003.0,,,,,,0.948995338,,,,,,,,14.3955707,6.711409396,,,49266054.85,2.15e-05,,10.63,,,,,3.945679012,0.001963277,,,,,,,,53.30146601,,,,,,,,,3.251070636,,,,,,,,,,,,,,,,,,1.49e-07,,,,,2.5e-09,2.5e-09,0.0008783016456737936,1.6387064025439018e-05,0.00017990626883393753,1.1611407976108367e-05,0.00017990626883393753,1.1611407976108367e-05,,,,,,,,,,,,,0.03333333333333333,,,,,,,,,,,0.008620689655172414,,,,,,,,,,,,,,,,3.1700000000000004,0.23162687626912448,0.85,,,,,,,,,,,,,,
2004.0,,,,,,0.921007672,,,,,,,,13.71428571,5.917159763,,,22038840.84,2.1e-05,,8.4,,,,,3.705263158,0.001094871,,,,,,,,52.71818363,,,,,,,,,3.451134572,,,,,,,,,,,,,,,,,,1.14e-07,,,,,1.25e-09,,0.00019395504199708525,1.0752499945484825e-05,0.0007875001673437856,,0.00019395504199708525,1.0752499945484825e-05,0.0008750001093750137,2.0538418755355392e-05,,,,,,,4e-06,,,5.656108597285068e-09,0.02857142857142857,,,0.0011,0.01,,0.005263157894736842,,14.985314391895942,0.8278145695364238,,,,,,,,,,,,,,,,,,2.99,0.22439134033113692,0.9500000000000001,,,,0.003271190846913665,,,,,,,,,,
2005.0,,,,,,0.880772517,,,,,,,,12.69230769,6.711409396,,,15887276.87,1.28e-05,,,,,,,3.61952862,0.0006954,,,,,,,,51.1094846,,,,,,,,,3.488009257,,,,,,,,,,,,,,,,,,4.6e-08,,,,,,,,,,,,,,,,,,,,0.2785515320334262,,,,,0.022222222222222223,,,,,1.0,,,5.85000585000585,0.37593984962406013,,,,,,,,,,,,,,,,,,3.19,0.20991710271032982,1.075,,,,,,,,,,,,,,
2006.0,,,,,,,,,,,,,,,7.246376812,,,11747287.89,1.11e-05,,,,,,,,0.000342648,,,,,,,,50.26212716,,,,,,,,,3.801908603,,,,,,,,,,,,,,,,,,,,,,,6.25e-10,7.692307692307692e-10,,,,,,,,,,,,,,0.2717391304347826,,,,,0.02,1000.0,0.0005,0.0009240000000000001,,,,,,,,,,,,,,,,,,,,,,,,3.5,0.19544250329011334,1.2,,,0.0071275648344389115,0.0009667053400910417,,,7.677186047071635e-10,5.683126026702923,0.4318417151477794,3.937007874015748e-07,,,,
2007.0,,,,,,,,,,,,,,,6.993006993,,,7821621.396,5.24e-06,,,,,,,,0.000307196,,,,,,,,49.4948668,,,,,,,,,3.830066661,,,,,,,,,,,,,,,,,,,,,,,2.857142857142857e-10,,,,,,,,,,,,,,,0.09140767824497258,,,,,,,,,,,,,,,,,,,,,,,,,,,,,,,,3.37,0.18820624375330708,1.375,,,,,,,,,,,,,,
2008.0,,,,,,,,,,,,,,,6.944444444,,,367858.221,,,,,,,,,,,,,,,,,49.03011706,,,,,,,,,3.490604461,,,,,,,,,,,,,,,,,,,,,,,,,,,,,,,,,,,,,,,,,,,0.016666666666666666,,,,,,,,,,,,,,,,,,,,,,,,,,,3.49,0.17373101118412423,1.475,,,,0.00028568165487569944,,,,,,,,,,
2009.0,,,,,,,,,,,,,,,,,,75271.77405,,,,,,,,,,,,,,,,,,,,,,,,,,2.333068368,,,,,,,,,,,,,,,,,,,,,,,,,,,,,,,,,,,,,0.00021321097865971316,0.06666666666666667,1.6666666666666667e-06,,,,,,,,,,,,,,,,,,,,,,,,,,,,,,,2.79,0.15925541681553204,1.55,,,0.003874675120456131,,,,,,,,,,,
2010.0,,,,,,,,,,,,,,,,,,30593.17788,,,,,,,,,,,,,,,,,,,,,,,,,,1.556384006,,,,,,,,,,,,,,,,,,,,,,,,,,,,,,,,,,,,,,,,,,,,,,,,,,,,,,,,,,,,,,,,,,,,,,,0.1447794606475305,1.4,,,,0.00011450475699382793,,,,,,,,,,
2011.0,,,,,,,,,,,,,,,,,,7998.164802,,,,,,,,,,,,,,,,,,,,,,,,,,1.415066918,,,,,,,,,,,,,,,,,,,,,,,,,,,,,,,,,,,,,,,,,,,,,,,,,,,,,,,,,,,,,,,,,,,,,,,,1.2999999999999998,,,,,,,,,,,,,,
2012.0,,,,,,,,,,,,,,,,,,6714.180065,,,,,,,,,,,,,,,,,,,,,,,,,,0.764410265,,,,,,,,,,,,,,,,,,,,,,,,,,,,,,,,,,,,,,,,,,,,,,,,,,,,,,,,,,,,,,,,,,,,,,,,,,,,,,1.1469800041228612e-05,,,,,,,,
2013.0,,,,,,,,,,,,,,,,,,5096.08,,,,,,,,,,,,,,,,,,,,,,,,,,0.821315,,,,,,,,,,,,,,,,,,,,,,,,,,,,,,,,,,,,,,,,,,,,,,,,,,,,,,,,,,,,,,,,,,,,,,,,,,,,,,,,,,,,,,
